0.000000000000000000e+00,2.557522993901712241e-02
2.573194306503702178e-01,9.940681600499241821e-02
5.146388613007404356e-01,2.613004522969984977e-01
7.719582919511106534e-01,5.274686336796967634e-01
1.029277722601480871e+00,8.920595645589155520e-01
1.286597153251851200e+00,1.354819900223271256e+00
1.543916583902221307e+00,1.926217888243386911e+00
1.801236014552591413e+00,2.610205221287197563e+00
2.058555445202961742e+00,3.413816969787709432e+00
2.315874875853332071e+00,4.328464796529926772e+00
2.573194306503702400e+00,5.339731951506208496e+00
2.830513737154072285e+00,6.435702894172312227e+00
3.087833167804442613e+00,7.642267506774289565e+00
3.345152598454812942e+00,8.970953279549512160e+00
3.602472029105182827e+00,1.039820365190810314e+01
3.859791459755553156e+00,1.185223793901563560e+01
4.117110890405923485e+00,1.333267389228778477e+01
4.374430321056293813e+00,1.492392248096601293e+01
4.631749751706664142e+00,1.672455278715494842e+01
4.889069182357034471e+00,1.876307329314539629e+01
5.146388613007404800e+00,2.094974223284184234e+01
5.403708043657774240e+00,2.319197368369635370e+01
5.661027474308144569e+00,2.546585692620894648e+01
5.918346904958514898e+00,2.784981830688603210e+01
6.175666335608885227e+00,3.045311705012684911e+01
6.432985766259255556e+00,3.294032053947312733e+01
6.690305196909625884e+00,3.540217204288644126e+01
6.947624627559996213e+00,3.813640428778838753e+01
7.204944058210365654e+00,4.078354698335741801e+01
7.462263488860735983e+00,4.351958493703740061e+01
7.719582919511106311e+00,4.654168524901621140e+01
7.976902350161476640e+00,4.963520292944190970e+01
8.234221780811846969e+00,5.303455090214132639e+01
8.491541211462216410e+00,5.699773210600243090e+01
8.748860642112587627e+00,6.119674833636423728e+01
9.006180072762957067e+00,6.481337775993017658e+01
9.263499503413328284e+00,6.814249492252258733e+01
9.520818934063697725e+00,7.221365922727474640e+01
9.778138364714068942e+00,7.652431256813775917e+01
1.003545779536443838e+01,8.056518839378155405e+01
1.029277722601480960e+01,8.463099820667851247e+01
1.055009665666517904e+01,8.839766970066415297e+01
1.080741608731554848e+01,9.199722458377814860e+01
1.106473551796591970e+01,9.636801285415386076e+01
1.132205494861628914e+01,1.008947855156754940e+02
1.157937437926666036e+01,1.055304866743823879e+02
1.183669380991702980e+01,1.105167498374209316e+02
1.209401324056740101e+01,1.152051454543170905e+02
1.235133267121777045e+01,1.194353853441311202e+02
1.260865210186813989e+01,1.246838111107443865e+02
1.286597153251851111e+01,1.306802885675546122e+02
1.312329096316888055e+01,1.361915076935398758e+02
1.338061039381925177e+01,1.416279555991019379e+02
1.363792982446962121e+01,1.467289158932379110e+02
1.389524925511999243e+01,1.518979833351208697e+02
1.415256868577036187e+01,1.578613881944138768e+02
1.440988811642073131e+01,1.636045043060756541e+02
1.466720754707110252e+01,1.691738831002874690e+02
1.492452697772147197e+01,1.752573008177027418e+02
1.518184640837184318e+01,1.819415087910708451e+02
1.543916583902221262e+01,1.882024898166313278e+02
1.569648526967258384e+01,1.944137546615655481e+02
1.595380470032295328e+01,2.014891986424434549e+02
1.621112413097332450e+01,2.081854921070370494e+02
1.646844356162369394e+01,2.132398152210963360e+02
1.672576299227406338e+01,2.195384358820048192e+02
1.698308242292443282e+01,2.270933501527638612e+02
1.724040185357480581e+01,2.331848873855965394e+02
1.749772128422517525e+01,2.386915094249177969e+02
1.775504071487554469e+01,2.455155985992576859e+02
1.801236014552591413e+01,2.537861145920408603e+02
1.826967957617628713e+01,2.629882528897962857e+02
1.852699900682665657e+01,2.725091875377336805e+02
1.878431843747702601e+01,2.814745698689636697e+02
1.904163786812739545e+01,2.880914695005139379e+02
1.929895729877776489e+01,2.931648472501225342e+02
1.955627672942813788e+01,2.992581088532990066e+02
1.981359616007850732e+01,3.068726591709175295e+02
2.007091559072887677e+01,3.151008192205297291e+02
2.032823502137924621e+01,3.239508760568481307e+02
2.058555445202961920e+01,3.328362243876546813e+02
2.084287388267998864e+01,3.427522029642103121e+02
2.110019331333035808e+01,3.536921765872676815e+02
2.135751274398072752e+01,3.633528453979054120e+02
2.161483217463109696e+01,3.700416139810638469e+02
2.187215160528146995e+01,3.770318032750624866e+02
2.212947103593183940e+01,3.876898094090670384e+02
2.238679046658220884e+01,3.963225357235900788e+02
2.264410989723257828e+01,4.019014502494376870e+02
2.290142932788294772e+01,4.113285585820884194e+02
2.315874875853332071e+01,4.247969120770295604e+02
2.341606818918369015e+01,4.343233317227508792e+02
2.367338761983405959e+01,4.404349991445919841e+02
2.393070705048442903e+01,4.493241315670370568e+02
2.418802648113480203e+01,4.628235597888264010e+02
2.444534591178517147e+01,4.752214754954024443e+02
2.470266534243554091e+01,4.833791374132282499e+02
2.495998477308591035e+01,4.918897522134221276e+02
2.521730420373627979e+01,5.040471423228544836e+02
2.547462363438665278e+01,5.153788550367961534e+02
2.573194306503702222e+01,5.241904638262586786e+02
2.598926249568739166e+01,5.328091309663991524e+02
2.624658192633776110e+01,5.439793884037835596e+02
2.650390135698813410e+01,5.578517556574560103e+02
2.676122078763850354e+01,5.721099605138102788e+02
2.701854021828887298e+01,5.803494979480720986e+02
2.727585964893924242e+01,5.847574658587514023e+02
2.753317907958961186e+01,5.963054620919493800e+02
2.779049851023998485e+01,6.149410877587220057e+02
2.804781794089035429e+01,6.317922120345951953e+02
2.830513737154072373e+01,6.426890274305402500e+02
2.856245680219109317e+01,6.485554723085192563e+02
2.881977623284146262e+01,6.545059595178682912e+02
2.907709566349183561e+01,6.668461877115456673e+02
2.933441509414220505e+01,6.854201580339010889e+02
2.959173452479257449e+01,6.983425885174059431e+02
2.984905395544294393e+01,7.027157065694543689e+02
3.010637338609331692e+01,7.084752586372592305e+02
3.036369281674368636e+01,7.198181491449734040e+02
3.062101224739405581e+01,7.358624489598915943e+02
3.087833167804442525e+01,7.547750698281188306e+02
3.113565110869479469e+01,7.726945681143013189e+02
3.139297053934516768e+01,7.853894189154987089e+02
3.165028996999553712e+01,7.903948725397967792e+02
3.190760940064590656e+01,7.934186819461441473e+02
3.216492883129627955e+01,8.056387910624995357e+02
3.242224826194664900e+01,8.251920054240093805e+02
3.267956769259701844e+01,8.424382292957913023e+02
3.293688712324738788e+01,8.578840422325746431e+02
3.319420655389775732e+01,8.749654368161910725e+02
3.345152598454812676e+01,8.946296487259056676e+02
3.370884541519849620e+01,9.086311709520149407e+02
3.396616484584886564e+01,9.156521715079044270e+02
3.422348427649924218e+01,9.238079292304969385e+02
3.448080370714961163e+01,9.335488729975510296e+02
3.473812313779998107e+01,9.457328359818521903e+02
3.499544256845035051e+01,9.659202611997217218e+02
3.525276199910071995e+01,9.889752459572824819e+02
3.551008142975108939e+01,1.005893622924428314e+03
3.576740086040145883e+01,1.017552290923568648e+03
3.602472029105182827e+01,1.026308218318112722e+03
3.628203972170219771e+01,1.036135614164798199e+03
3.653935915235257426e+01,1.044372580133419433e+03
3.679667858300294370e+01,1.062090160528583738e+03
3.705399801365331314e+01,1.089686401510591395e+03
3.731131744430368258e+01,1.109180389804146671e+03
3.756863687495405202e+01,1.118059997204059528e+03
3.782595630560442146e+01,1.127345056215808654e+03
3.808327573625479090e+01,1.141946670786286177e+03
3.834059516690516034e+01,1.160935954616165418e+03
3.859791459755552978e+01,1.181431358237028462e+03
3.885523402820590633e+01,1.195986414477344624e+03
3.911255345885627577e+01,1.203378823271965302e+03
3.936987288950664521e+01,1.212374057704880443e+03
3.962719232015701465e+01,1.227145798242774617e+03
3.988451175080738409e+01,1.247777745682252998e+03
4.014183118145775353e+01,1.268789665543341698e+03
4.039915061210812297e+01,1.287421417443123801e+03
4.065647004275849241e+01,1.303213649175080945e+03
4.091378947340886185e+01,1.319463291852847306e+03
4.117110890405923840e+01,1.345586160000609880e+03
4.142842833470960784e+01,1.368993652516290240e+03
4.168574776535997728e+01,1.376812997482397577e+03
4.194306719601034672e+01,1.384505624487371733e+03
4.220038662666071616e+01,1.409428377895720359e+03
4.245770605731108560e+01,1.436445018311983404e+03
4.271502548796145504e+01,1.452397520412819858e+03
4.297234491861182448e+01,1.462685395180195655e+03
4.322966434926219392e+01,1.472677762057186328e+03
4.348698377991256336e+01,1.484323849308226045e+03
4.374430321056293991e+01,1.490967209047666529e+03
4.400162264121330935e+01,1.500792716562123360e+03
4.425894207186367879e+01,1.518497624974067094e+03
4.451626150251404823e+01,1.540926820541121060e+03
4.477358093316441767e+01,1.568895216651107830e+03
4.503090036381478711e+01,1.601441648837643243e+03
4.528821979446515655e+01,1.627081551962982076e+03
4.554553922511552599e+01,1.650895850128760230e+03
4.580285865576589543e+01,1.673815063728671703e+03
4.606017808641627198e+01,1.688831527367353601e+03
4.631749751706664142e+01,1.704987937648883872e+03
4.657481694771701086e+01,1.716250659627494542e+03
4.683213637836738030e+01,1.719459882282679018e+03
4.708945580901774974e+01,1.731242487161088775e+03
4.734677523966811918e+01,1.750186885869408798e+03
4.760409467031848862e+01,1.776268370896598753e+03
4.786141410096885807e+01,1.806163214564488499e+03
4.811873353161922751e+01,1.837041987790699977e+03
4.837605296226960405e+01,1.860218258687795469e+03
4.863337239291997349e+01,1.881658700049155186e+03
4.889069182357034293e+01,1.899443785000921707e+03
4.914801125422071237e+01,1.924088915992056627e+03
4.940533068487108181e+01,1.954107196306562855e+03
4.966265011552145126e+01,1.970552972295367908e+03
4.991996954617182070e+01,1.975093476951170487e+03
5.017728897682219014e+01,1.988761387384312911e+03
5.043460840747255958e+01,2.008649677743198936e+03
5.069192783812293612e+01,2.026270423725619594e+03
5.094924726877330556e+01,2.043320469648587505e+03
5.120656669942366790e+01,2.056139177491700593e+03
